{
  "questions": [
    {
      "category": "Basic Info",
      "question": "When is Crelly's birthday?",
      "options": [
        "March 22",
        "April 21",
        "May 15",
        "June 10"
      ],
      "correct": 1,
      "explanation": "Crelly's birthday is April 21, making her a Taurus zodiac sign.",
      "difficulty": "easy"
    },
    {
      "category": "Basic Info",
      "question": "What is Crelly's height?",
      "options": [
        "160cm",
        "164cm",
        "168cm",
        "170cm"
      ],
      "correct": 1,
      "explanation": "Crelly is 164cm tall (5'5\").",
      "difficulty": "medium"
    },
    {
      "category": "Basic Info",
      "question": "When did Crelly debut as a VTuber?",
      "options": [
        "March 22, 2021",
        "March 22, 2022",
        "April 21, 2022",
        "May 1, 2022"
      ],
      "correct": 1,
      "explanation": "Crelly debuted on March 22, 2022.",
      "difficulty": "medium"
    },
    {
      "category": "Basic Info",
      "question": "What zodiac sign is Crelly?",
      "options": [
        "Gemini",
        "Aries",
        "Taurus",
        "Cancer"
      ],
      "correct": 2,
      "explanation": "Born on April 21, Crelly is a Taurus.",
      "difficulty": "easy"
    },
    {
      "category": "Basic Info",
      "question": "What are Crelly's oshi marks?",
      "options": [
        "\ud83d\udc04\ud83c\udfae",
        "\ud83c\udfb1\ud83d\udc2e",
        "\ud83d\udd2e\ud83d\udc04",
        "\ud83c\udfaf\ud83d\udc2e"
      ],
      "correct": 1,
      "explanation": "Crelly's oshi marks are \ud83c\udfb1\ud83d\udc2e (8-ball and cow).",
      "difficulty": "medium"
    },
    {
      "category": "Model Details",
      "question": "Who is Crelly's model illustrator?",
      "options": [
        "@nini_macaron",
        "@uchikawa_yuu",
        "@warabeda_meiji",
        "@azure_artist"
      ],
      "correct": 0,
      "explanation": "@nini_macaron is Crelly's model illustrator who designed her Live2D artwork.",
      "difficulty": "hard"
    },
    {
      "category": "Model Details",
      "question": "Who rigged Crelly's Live2D model?",
      "options": [
        "@mochimochibubu",
        "@jujunaught",
        "@brian_tsui",
        "@keffiy"
      ],
      "correct": 0,
      "explanation": "@mochimochibubu (MOCHIPU) rigged Crelly's Live2D model.",
      "difficulty": "hard"
    },
    {
      "category": "Community",
      "question": "What hashtag is used for Crelly fan art?",
      "options": [
        "#crellyfanart",
        "#crellart",
        "#cowart",
        "#crellyart"
      ],
      "correct": 1,
      "explanation": "The official fan art hashtag is #crellart.",
      "difficulty": "easy"
    },
    {
      "category": "Community",
      "question": "How does Crelly describe herself in her bio?",
      "options": [
        "Sweet but salty",
        "Chaotic but caring",
        "Cringe, but free",
        "Loud but lovable"
      ],
      "correct": 2,
      "explanation": "Crelly's bio describes her as 'Chaotic cow. Cringe, but free.'",
      "difficulty": "easy"
    },
    {
      "category": "Community",
      "question": "What cult-like meme did Crelly create when left alone with Filian's chat?",
      "options": [
        "Cheese cult",
        "Milk cult",
        "Mold cult",
        "Mayo cult"
      ],
      "correct": 2,
      "explanation": "Crelly created the 'mold cult' when Filian left her alone with chat, telling everyone to become mold monsters.",
      "difficulty": "medium"
    },
    {
      "category": "Memes",
      "question": "What infamous item has been on Crelly's floor for months?",
      "options": [
        "A pizza box",
        "A mayonnaise jar",
        "A milk carton",
        "A cheese wheel"
      ],
      "correct": 1,
      "explanation": "The 'floor mayo' became a legendary meme - an unopened mayonnaise jar that sat on her floor for months.",
      "difficulty": "easy"
    },
    {
      "category": "Memes",
      "question": "What controversial meme group was Crelly associated with?",
      "options": [
        "Foottubers",
        "Backtubers",
        "Necktubers",
        "Armtubers"
      ],
      "correct": 1,
      "explanation": "Crelly became associated with the 'Backtuber' meme involving reactions to Vedal content.",
      "difficulty": "easy"
    },
    {
      "category": "Memes",
      "question": "What unusual fetish joke is Crelly known for?",
      "options": [
        "Feet fetish",
        "Hand fetish",
        "Spitting fetish",
        "Voice fetish"
      ],
      "correct": 2,
      "explanation": "Crelly once confessed she finds it attractive when people spit while walking, creating the 'spit tuber' meme.",
      "difficulty": "hard"
    },
    {
      "category": "Memes",
      "question": "What did Crelly do with the dragon-shaped adult item someone bought her?",
      "options": [
        "Threw it away",
        "Used it as a fridge handle at her mom's house",
        "Gave it to a friend",
        "Put it in storage"
      ],
      "correct": 1,
      "explanation": "Crelly took the dragon-shaped item to her mom's house and they use it as a handle to open the fridge.",
      "difficulty": "hard"
    },
    {
      "category": "Pet",
      "question": "What is the name of Crelly's pet?",
      "options": [
        "Maisie",
        "Daisy",
        "Rosie",
        "Bessie"
      ],
      "correct": 0,
      "explanation": "Maisie is Crelly's beloved pet dog.",
      "difficulty": "medium"
    },
    {
      "category": "Pet",
      "question": "What type of animal is Maisie?",
      "options": [
        "Cat",
        "Dog",
        "Rabbit",
        "Hamster"
      ],
      "correct": 1,
      "explanation": "Maisie is Crelly's dog, often called the 'long dog' or 'vertical dog' as a running joke.",
      "difficulty": "medium"
    },
    {
      "category": "Pet",
      "question": "What happens when Crelly's dog Maisie gets bored during streams?",
      "options": [
        "She barks loudly",
        "She pushes the floor mayo around",
        "She jumps on the desk",
        "She hides under the bed"
      ],
      "correct": 1,
      "explanation": "When Maisie gets bored, she pushes the floor mayo jar around the room, and Crelly has to put it back in its spot.",
      "difficulty": "hard"
    },
    {
      "category": "Pet",
      "question": "What nickname is Maisie known by in the community?",
      "options": [
        "Round dog",
        "Vertical dog",
        "Fluffy dog",
        "Fast dog"
      ],
      "correct": 1,
      "explanation": "Maisie is known as the 'vertical dog' or 'long dog' due to her unusual proportions.",
      "difficulty": "medium"
    },
    {
      "category": "Streaming",
      "question": "What type of games does Crelly primarily play?",
      "options": [
        "Racing games",
        "Horror games",
        "Puzzle games",
        "Sports games"
      ],
      "correct": 1,
      "explanation": "Crelly is known for playing horror games and has an affinity for all things horror.",
      "difficulty": "easy"
    },
    {
      "category": "Streaming",
      "question": "Approximately how many Twitch followers does Crelly have?",
      "options": [
        "25K",
        "52K",
        "75K",
        "100K"
      ],
      "correct": 1,
      "explanation": "Crelly has over 52K followers on Twitch and is a Twitch Partner.",
      "difficulty": "medium"
    },
    {
      "category": "Streaming",
      "question": "What is Crelly's typical Monday streaming pattern?",
      "options": [
        "Short 2 hour streams",
        "Long 14+ hour streams",
        "No Monday streams",
        "Just chatting only"
      ],
      "correct": 1,
      "explanation": "Crelly often does very long Monday streams, sometimes up to 14+ hours from afternoon to late night.",
      "difficulty": "hard"
    },
    {
      "category": "Technical",
      "question": "What is the name of Crelly's mod whose voice is used as her default TTS?",
      "options": [
        "Baggy",
        "Valky",
        "Staz",
        "Koko"
      ],
      "correct": 1,
      "explanation": "Valky is one of Crelly's mods and his voice is her default TTS voice.",
      "difficulty": "hard"
    },
    {
      "category": "Emotes",
      "question": "Which of these is a real Crelly subscriber emote?",
      "options": [
        "creHappy",
        "creAngy",
        "creMoo",
        "creStream"
      ],
      "correct": 1,
      "explanation": "creAngy is one of Crelly's many subscriber emotes, expressing anger or frustration.",
      "difficulty": "hard"
    },
    {
      "category": "Emotes",
      "question": "Which emote represents Crelly in a small/cute form?",
      "options": [
        "creAngy",
        "creHampter",
        "creSmol",
        "creFlappy"
      ],
      "correct": 2,
      "explanation": "creSmol shows Crelly in a small, cute form and is one of her popular subscriber emotes.",
      "difficulty": "hard"
    },
    {
      "category": "Emotes",
      "question": "What animal-themed emote does Crelly have?",
      "options": [
        "creHampter",
        "creDuck",
        "creFish",
        "creBird"
      ],
      "correct": 0,
      "explanation": "creHampter (hamster) is one of Crelly's subscriber emotes, playing on the cute animal theme.",
      "difficulty": "hard"
    },
    {
      "category": "Emotes",
      "question": "Which emote shows Crelly being silly or goofy?",
      "options": [
        "creSerious",
        "creSilly",
        "creAngy",
        "creSmol"
      ],
      "correct": 1,
      "explanation": "creSilly is one of Crelly's emotes used to show her being silly or goofy.",
      "difficulty": "hard"
    },
    {
      "category": "Collaborations",
      "question": "Which VTuber dared Crelly to send the floor mayo image to Vedal?",
      "options": [
        "Filian",
        "Aquwa",
        "Camila",
        "Cotton"
      ],
      "correct": 1,
      "explanation": "Aquwa dared Crelly to DM Vedal just the floor mayonnaise image with no caption during a truth or dare game.",
      "difficulty": "medium"
    },
    {
      "category": "Collaborations",
      "question": "Which VTuber raided Crelly and gave her one of the best retention rates?",
      "options": [
        "Vedal",
        "Filian",
        "Neuro-sama",
        "Camila"
      ],
      "correct": 0,
      "explanation": "Vedal raided Crelly and she had incredible viewer retention, maintaining over 900 viewers.",
      "difficulty": "medium"
    },
    {
      "category": "Collaborations",
      "question": "Who does Crelly frequently collaborate with in horror content?",
      "options": [
        "Vedal",
        "Filian",
        "Koko",
        "All of the above"
      ],
      "correct": 3,
      "explanation": "Crelly collaborates with many VTubers including Filian for horror nights, Koko for various content, and has interactions with Vedal.",
      "difficulty": "medium"
    },
    {
      "category": "Collaborations",
      "question": "In horror collabs, what rule do Crelly and collaborators often use?",
      "options": [
        "No talking allowed",
        "Scream limit challenges",
        "Eyes closed gameplay",
        "No pause allowed"
      ],
      "correct": 1,
      "explanation": "Crelly often does 'scream limit' challenges where they lose lives if they scream too much during horror content.",
      "difficulty": "medium"
    },
    {
      "category": "Content",
      "question": "Besides horror games, what other content does Crelly do?",
      "options": [
        "Just Chatting",
        "Meme reactions",
        "Art reactions",
        "All of the above"
      ],
      "correct": 3,
      "explanation": "Crelly does Just Chatting streams, meme reactions, art reactions, and various other content besides horror games.",
      "difficulty": "medium"
    },
    {
      "category": "Content",
      "question": "What game does Crelly frequently stream according to Twitch stats?",
      "options": [
        "Resident Evil",
        "I'm Only Sleeping",
        "Dead by Daylight",
        "Phasmophobia"
      ],
      "correct": 1,
      "explanation": "'I'm Only Sleeping' appears frequently in her stream categories, often used for Just Chatting or relaxed content.",
      "difficulty": "hard"
    },
    {
      "category": "Personal",
      "question": "What is Crelly's typical streaming schedule pattern?",
      "options": [
        "Fixed 9-5 schedule",
        "Completely random",
        "Long irregular streams",
        "Short daily streams"
      ],
      "correct": 2,
      "explanation": "Crelly is known for long, irregular streams that can go on for many hours, especially on weekends and Mondays.",
      "difficulty": "medium"
    },
    {
      "category": "Recent Events",
      "question": "What did Crelly jokingly claim she needs in her life recently?",
      "options": [
        "More money",
        "Drama and friction",
        "Better internet",
        "A vacation"
      ],
      "correct": 1,
      "explanation": "Crelly jokingly said she feels like she needs some drama and friction in her life for content.",
      "difficulty": "hard"
    },
    {
      "category": "Appearance",
      "question": "What model type does Crelly use for streaming?",
      "options": [
        "3D",
        "L2D (Live2D)",
        "PNG",
        "Physical costume"
      ],
      "correct": 1,
      "explanation": "Crelly uses a Live2D (L2D) model for her VTuber streams.",
      "difficulty": "medium"
    },
    {
      "category": "Horror Games",
      "question": "What type of horror games does Crelly particularly enjoy?",
      "options": [
        "Action horror only",
        "Psychological horror",
        "Jump scare games",
        "All horror types"
      ],
      "correct": 3,
      "explanation": "Crelly has an affinity for all things horror and plays various types of horror games.",
      "difficulty": "easy"
    },
    {
      "category": "Business",
      "question": "What is Crelly's status on Twitch?",
      "options": [
        "Affiliate",
        "Partner",
        "Just Streaming",
        "Sponsored"
      ],
      "correct": 1,
      "explanation": "Crelly is a Twitch Partner, which is the highest tier of Twitch creator status.",
      "difficulty": "medium"
    },
    {
      "category": "Milestones",
      "question": "How many years has Crelly been streaming as of 2025?",
      "options": [
        "2 years",
        "3 years",
        "4 years",
        "5 years"
      ],
      "correct": 1,
      "explanation": "Crelly debuted in March 2022, making 2025 roughly her 3rd year as a VTuber.",
      "difficulty": "medium"
    },
    {
      "category": "Miscellaneous",
      "question": "What language does Crelly primarily stream in?",
      "options": [
        "Japanese",
        "English",
        "Spanish",
        "French"
      ],
      "correct": 1,
      "explanation": "Crelly is an English-speaking VTuber who streams primarily in English.",
      "difficulty": "easy"
    },
    {
      "category": "Miscellaneous",
      "question": "What region does Crelly stream from?",
      "options": [
        "Europe",
        "USA",
        "Canada",
        "Australia"
      ],
      "correct": 1,
      "explanation": "Crelly streams from the USA based on her timezone patterns and references.",
      "difficulty": "medium"
    }
  ],
  "categories": [
    "Basic Info",
    "Model Details",
    "Community",
    "Memes",
    "Pet",
    "Streaming",
    "Technical",
    "Emotes",
    "Collaborations",
    "Content",
    "Personal",
    "Recent Events",
    "Appearance",
    "Horror Games",
    "Business",
    "Milestones",
    "Miscellaneous"
  ],
  "difficulty_colors": {
    "easy": "#4CAF50",
    "medium": "#FF9800",
    "hard": "#F44336"
  },
  "version": "2.0",
  "last_updated": "2025-09-20"
}